{"cameraMode":{"drawMode":0,"name":"Shaded","section":"Shading Mode"},"sceneLighting":false,"audioPlay":false,"sceneViewState":{"showFog":true,"showMaterialUpdate":false,"showSkybox":false,"showFlares":true,"showImageEffects":true,"showParticleSystems":true},"in2DMode":false,"pivot":{"x":-0.6676559448242188,"y":0.19086170196533204,"z":-6.596586227416992},"rotation":{"x":-0.12314191460609436,"y":0.778221607208252,"z":-0.16124804317951203,"w":-0.5943120718002319},"size":334.8359375,"orthographic":false}